run_id,team,metric,env_step,value,wall_time_ms
457ce1e8c2ce4ef39e4110d06f24f790,Team 1,eliminations_per_match,1217,2.0,1782010783159
457ce1e8c2ce4ef39e4110d06f24f790,Team 1,eliminations_per_match,2526,2.4285714285714284,1782010786686
457ce1e8c2ce4ef39e4110d06f24f790,Team 1,eliminations_per_match,3958,2.0,1782010798083
457ce1e8c2ce4ef39e4110d06f24f790,Team 1,mean_survival_time,1217,11.158333333333358,1782010783158
457ce1e8c2ce4ef39e4110d06f24f790,Team 1,mean_survival_time,2526,13.876190476190535,1782010786684
457ce1e8c2ce4ef39e4110d06f24f790,Team 1,mean_survival_time,3958,10.816666666666713,1782010798078
457ce1e8c2ce4ef39e4110d06f24f790,Team 1,shot_accuracy,1217,0.07920792079207921,1782010783156
457ce1e8c2ce4ef39e4110d06f24f790,Team 1,shot_accuracy,2526,0.08994708994708994,1782010786683
457ce1e8c2ce4ef39e4110d06f24f790,Team 1,shot_accuracy,3958,0.09230769230769231,1782010798073
457ce1e8c2ce4ef39e4110d06f24f790,Team 1,win_rate,1217,0.25,1782010783154
457ce1e8c2ce4ef39e4110d06f24f790,Team 1,win_rate,2526,0.14285714285714285,1782010786682
457ce1e8c2ce4ef39e4110d06f24f790,Team 1,win_rate,3958,0.25,1782010798068
457ce1e8c2ce4ef39e4110d06f24f790,Team 2,eliminations_per_match,1217,2.5,1782010783166
457ce1e8c2ce4ef39e4110d06f24f790,Team 2,eliminations_per_match,2526,2.2857142857142856,1782010786691
457ce1e8c2ce4ef39e4110d06f24f790,Team 2,eliminations_per_match,3958,2.75,1782010798105
457ce1e8c2ce4ef39e4110d06f24f790,Team 2,mean_survival_time,1217,21.333333333333428,1782010783165
457ce1e8c2ce4ef39e4110d06f24f790,Team 2,mean_survival_time,2526,18.05714285714295,1782010786690
457ce1e8c2ce4ef39e4110d06f24f790,Team 2,mean_survival_time,3958,13.694444444444507,1782010798100
457ce1e8c2ce4ef39e4110d06f24f790,Team 2,shot_accuracy,1217,0.07874015748031496,1782010783163
457ce1e8c2ce4ef39e4110d06f24f790,Team 2,shot_accuracy,2526,0.07547169811320754,1782010786688
457ce1e8c2ce4ef39e4110d06f24f790,Team 2,shot_accuracy,3958,0.1134020618556701,1782010798094
457ce1e8c2ce4ef39e4110d06f24f790,Team 2,win_rate,1217,0.25,1782010783161
457ce1e8c2ce4ef39e4110d06f24f790,Team 2,win_rate,2526,0.42857142857142855,1782010786687
457ce1e8c2ce4ef39e4110d06f24f790,Team 2,win_rate,3958,0.4166666666666667,1782010798089
457ce1e8c2ce4ef39e4110d06f24f790,Team 3,eliminations_per_match,1217,3.0,1782010783171
457ce1e8c2ce4ef39e4110d06f24f790,Team 3,eliminations_per_match,2526,2.857142857142857,1782010786697
457ce1e8c2ce4ef39e4110d06f24f790,Team 3,eliminations_per_match,3958,2.75,1782010798124
457ce1e8c2ce4ef39e4110d06f24f790,Team 3,mean_survival_time,1217,8.325000000000038,1782010783170
457ce1e8c2ce4ef39e4110d06f24f790,Team 3,mean_survival_time,2526,9.876190476190526,1782010786695
457ce1e8c2ce4ef39e4110d06f24f790,Team 3,mean_survival_time,3958,9.966666666666717,1782010798119
457ce1e8c2ce4ef39e4110d06f24f790,Team 3,shot_accuracy,1217,0.16666666666666666,1782010783169
457ce1e8c2ce4ef39e4110d06f24f790,Team 3,shot_accuracy,2526,0.1282051282051282,1782010786694
457ce1e8c2ce4ef39e4110d06f24f790,Team 3,shot_accuracy,3958,0.15207373271889402,1782010798114
457ce1e8c2ce4ef39e4110d06f24f790,Team 3,win_rate,1217,0.5,1782010783167
457ce1e8c2ce4ef39e4110d06f24f790,Team 3,win_rate,2526,0.42857142857142855,1782010786693
457ce1e8c2ce4ef39e4110d06f24f790,Team 3,win_rate,3958,0.3333333333333333,1782010798109
c762d435baa546349f8a29b20795e885,Team 1,eliminations_per_match,50793,2.5320197044334973,1782046730350
c762d435baa546349f8a29b20795e885,Team 1,mean_survival_time,50793,10.344334975369447,1782046730317
c762d435baa546349f8a29b20795e885,Team 1,shot_accuracy,50793,0.12801992528019926,1782046730316
c762d435baa546349f8a29b20795e885,Team 1,win_rate,50793,0.4039408866995074,1782046730314
c762d435baa546349f8a29b20795e885,Team 2,eliminations_per_match,50793,2.684729064039409,1782046730358
c762d435baa546349f8a29b20795e885,Team 2,mean_survival_time,50793,11.454187192118196,1782046730356
c762d435baa546349f8a29b20795e885,Team 2,shot_accuracy,50793,0.13072679299592227,1782046730354
c762d435baa546349f8a29b20795e885,Team 2,win_rate,50793,0.4433497536945813,1782046730352
c762d435baa546349f8a29b20795e885,Team 3,eliminations_per_match,50793,1.8669950738916257,1782046730364
c762d435baa546349f8a29b20795e885,Team 3,mean_survival_time,50793,8.973399014778295,1782046730362
c762d435baa546349f8a29b20795e885,Team 3,shot_accuracy,50793,0.11937007874015748,1782046730361
c762d435baa546349f8a29b20795e885,Team 3,win_rate,50793,0.15270935960591134,1782046730360
