experiment,seed,team,paradigm,eval_win_rate,eval_eliminations_per_match,eval_mean_survival,eval_shots_per_match,eval_shot_accuracy,train_win_rate,steps_per_second,train_seconds,matches_played,eval_matches
exp1,1,Team 1,CTE,0.3,2.4133,13.9916,55.2,0.0437,0.3564,174.1,5745.0,9844,150
exp1,1,Team 2,DTE,0.4867,1.0933,21.2844,40.3867,0.0271,0.3253,174.1,5745.0,9844,150
exp1,1,Team 3,CTDE,0.2133,3.2733,7.1513,35.92,0.0911,0.3183,174.1,5745.0,9844,150
exp1,2,Team 1,CTE,0.34,1.2667,28.3471,170.46,0.0074,0.376,174.8,5720.1,9495,150
exp1,2,Team 2,DTE,0.1867,1.2133,21.3873,128.7133,0.0094,0.3227,174.8,5720.1,9495,150
exp1,2,Team 3,CTDE,0.4733,3.4067,26.9682,102.6867,0.0332,0.3012,174.8,5720.1,9495,150
exp1,3,Team 1,CTE,0.1267,1.3133,17.954,107.8933,0.0122,0.3743,174.1,5745.4,9153,150
exp1,3,Team 2,DTE,0.4933,1.6867,29.4996,166.56,0.0101,0.3278,174.1,5745.4,9153,150
exp1,3,Team 3,CTDE,0.38,3.3067,17.3456,100.1333,0.033,0.2979,174.1,5745.4,9153,150
exp1,4,Team 1,CTE,0.12,2.5267,9.5918,55.7667,0.0453,0.3515,172.7,5791.5,9261,150
exp1,4,Team 2,DTE,0.0067,0.2267,3.5,20.3667,0.0111,0.3173,172.7,5791.5,9261,150
exp1,4,Team 3,CTDE,0.8733,4.0533,11.2611,58.4467,0.0694,0.3312,172.7,5791.5,9261,150
exp1,5,Team 1,CTE,0.1933,1.5067,18.5647,111.12,0.0136,0.3599,173.8,5752.8,8983,150
exp1,5,Team 2,DTE,0.2733,0.6067,21.2849,123.1467,0.0049,0.2974,173.8,5752.8,8983,150
exp1,5,Team 3,CTDE,0.5333,4.2,19.8336,113.1533,0.0371,0.3427,173.8,5752.8,8983,150
exp2,1,Team 1,CTDE-VD,0.0333,0.7267,6.7484,13.6,0.0534,0.3407,147.9,6762.3,9047,150
exp2,1,Team 2,CTDE-CAC,0.56,2.9467,18.7669,109.1067,0.027,0.3537,147.9,6762.3,9047,150
exp2,1,Team 3,CTDE-Comm,0.4067,2.6533,20.9196,97.3133,0.0273,0.3055,147.9,6762.3,9047,150
exp2,2,Team 1,CTDE-VD,0.3533,1.9133,25.29,138.66,0.0138,0.3619,149.0,6710.7,8993,150
exp2,2,Team 2,CTDE-CAC,0.6133,2.64,29.5389,174.22,0.0152,0.331,149.0,6710.7,8993,150
exp2,2,Team 3,CTDE-Comm,0.0333,1.6,10.8669,62.52,0.0256,0.3072,149.0,6710.7,8993,150
exp2,3,Team 1,CTDE-VD,0.0267,0.48,5.6807,3.68,0.1304,0.3615,150.0,6666.5,8479,150
exp2,3,Team 2,CTDE-CAC,0.24,1.9933,15.8722,68.1067,0.0293,0.3312,150.0,6666.5,8479,150
exp2,3,Team 3,CTDE-Comm,0.7333,4.1,14.858,81.0133,0.0506,0.3073,150.0,6666.5,8479,150
exp2,4,Team 1,CTDE-VD,0.7733,1.5533,66.6278,298.6133,0.0052,0.3687,151.4,6603.0,8864,150
exp2,4,Team 2,CTDE-CAC,0.1467,0.7533,46.6793,29.9667,0.0251,0.3486,151.4,6603.0,8864,150
exp2,4,Team 3,CTDE-Comm,0.08,0.8133,56.7764,143.38,0.0057,0.2826,151.4,6603.0,8864,150
exp2,5,Team 1,CTDE-VD,0.1867,1.12,19.6316,118.22,0.0095,0.3464,150.8,6632.3,8788,150
exp2,5,Team 2,CTDE-CAC,0.24,1.3667,17.2831,103.0933,0.0133,0.3543,150.8,6632.3,8788,150
exp2,5,Team 3,CTDE-Comm,0.5733,3.9933,20.1598,114.8467,0.0348,0.2993,150.8,6632.3,8788,150
