match_index,variant_id,team_name,paradigm,winner,eliminations,mean_survival_time,shots_hit,shots_missed,shot_accuracy,remaining_agents,match_duration_seconds
100,100,Team 1,CTDE-Comm,0,2,3.966666666666665,2,20,0.09090909090909091,0,5.4999999999999964
100,100,Team 2,CTDE-VD,1,3,2.0333333333333323,3,8,0.2727272727272727,1,5.4999999999999964
100,100,Team 3,CTDE-CAC,0,3,1.3333333333333337,3,6,0.3333333333333333,0,5.4999999999999964
200,200,Team 1,CTDE-Comm,1,2,3.400000000000002,2,12,0.14285714285714285,1,3.800000000000002
200,200,Team 2,CTDE-VD,0,4,2.5666666666666678,4,13,0.23529411764705882,0,3.800000000000002
200,200,Team 3,CTDE-CAC,0,2,1.8000000000000005,2,9,0.18181818181818182,0,3.800000000000002
300,300,Team 1,CTDE-Comm,1,1,1.4000000000000001,1,4,0.2,3,1.4000000000000001
300,300,Team 2,CTDE-VD,0,2,0.7333333333333334,2,3,0.4,0,1.4000000000000001
300,300,Team 3,CTDE-CAC,0,3,0.8000000000000002,3,3,0.5,0,1.4000000000000001
400,400,Team 1,CTDE-Comm,1,4,1.2666666666666668,4,4,0.5,1,1.6000000000000003
400,400,Team 2,CTDE-VD,0,2,0.5333333333333333,2,3,0.4,0,1.6000000000000003
400,400,Team 3,CTDE-CAC,0,2,1.2666666666666668,2,5,0.2857142857142857,0,1.6000000000000003
500,500,Team 1,CTDE-Comm,1,1,0.6999999999999998,1,4,0.2,2,0.7
500,500,Team 2,CTDE-VD,0,4,0.3,4,0,1.0,0,0.7
500,500,Team 3,CTDE-CAC,0,2,0.13333333333333333,2,1,0.6666666666666666,0,0.7
600,600,Team 1,CTDE-Comm,1,1,0.6,1,2,0.3333333333333333,3,0.6
600,600,Team 2,CTDE-VD,0,2,0.3,2,2,0.5,0,0.6
600,600,Team 3,CTDE-CAC,0,3,0.3333333333333333,3,1,0.75,0,0.6
700,700,Team 1,CTDE-Comm,1,4,2.1666666666666674,4,6,0.4,1,3.2000000000000015
700,700,Team 2,CTDE-VD,0,3,2.000000000000001,3,1,0.75,0,3.2000000000000015
700,700,Team 3,CTDE-CAC,0,1,0.9000000000000004,1,6,0.14285714285714285,0,3.2000000000000015
800,800,Team 1,CTDE-Comm,0,2,2.9333333333333287,2,19,0.09523809523809523,0,8.299999999999986
800,800,Team 2,CTDE-VD,0,2,2.1666666666666674,2,15,0.11764705882352941,0,8.299999999999986
800,800,Team 3,CTDE-CAC,1,2,8.299999999999986,2,58,0.03333333333333333,3,8.299999999999986
900,900,Team 1,CTDE-Comm,0,3,4.166666666666663,3,13,0.1875,0,6.499999999999993
900,900,Team 2,CTDE-VD,1,3,6.06666666666666,3,28,0.0967741935483871,2,6.499999999999993
900,900,Team 3,CTDE-CAC,0,1,2.5333333333333345,1,12,0.07692307692307693,0,6.499999999999993
1000,1000,Team 1,CTDE-Comm,0,3,1.2333333333333336,3,1,0.75,0,2.9000000000000012
1000,1000,Team 2,CTDE-VD,1,1,2.900000000000001,1,5,0.16666666666666666,3,2.9000000000000012
1000,1000,Team 3,CTDE-CAC,0,2,0.3333333333333333,2,2,0.5,0,2.9000000000000012
1100,1100,Team 1,CTDE-Comm,1,5,3.5333333333333337,5,16,0.23809523809523808,2,4.4
1100,1100,Team 2,CTDE-VD,0,2,3.3666666666666676,2,19,0.09523809523809523,0,4.4
1100,1100,Team 3,CTDE-CAC,0,0,1.6333333333333337,0,10,0.0,0,4.4
1200,1200,Team 1,CTDE-Comm,0,2,21.600000000000037,2,76,0.02564102564102564,0,23.10000000000006
1200,1200,Team 2,CTDE-VD,0,0,0.8333333333333334,0,6,0.0,0,23.10000000000006
1200,1200,Team 3,CTDE-CAC,1,6,13.86666666666668,6,46,0.11538461538461539,1,23.10000000000006
1300,1300,Team 1,CTDE-Comm,1,2,2.8333333333333317,2,20,0.09090909090909091,1,5.999999999999995
1300,1300,Team 2,CTDE-VD,0,3,2.1333333333333315,3,14,0.17647058823529413,0,5.999999999999995
1300,1300,Team 3,CTDE-CAC,0,3,0.49999999999999994,3,2,0.6,0,5.999999999999995
1400,1400,Team 1,CTDE-Comm,1,3,5.899999999999995,3,29,0.09375,3,5.899999999999995
1400,1400,Team 2,CTDE-VD,0,2,2.066666666666667,2,12,0.14285714285714285,0,5.899999999999995
1400,1400,Team 3,CTDE-CAC,0,1,2.8999999999999986,1,18,0.05263157894736842,0,5.899999999999995
1500,1500,Team 1,CTDE-Comm,0,0,1.833333333333334,0,7,0.0,0,60.60000000000059
1500,1500,Team 2,CTDE-VD,1,2,41.06666666666706,2,204,0.009708737864077669,2,60.60000000000059
1500,1500,Team 3,CTDE-CAC,0,4,21.9000000000002,4,106,0.03636363636363636,1,60.60000000000059
1600,1600,Team 1,CTDE-Comm,0,0,1.7333333333333336,0,3,0.0,0,3.1000000000000014
1600,1600,Team 2,CTDE-VD,0,3,2.133333333333334,3,6,0.3333333333333333,0,3.1000000000000014
1600,1600,Team 3,CTDE-CAC,1,4,2.700000000000001,4,10,0.2857142857142857,2,3.1000000000000014
1700,1700,Team 1,CTDE-Comm,0,2,0.6333333333333334,2,4,0.3333333333333333,0,2.3000000000000007
1700,1700,Team 2,CTDE-VD,0,1,1.5000000000000002,1,10,0.09090909090909091,0,2.3000000000000007
1700,1700,Team 3,CTDE-CAC,1,5,1.9333333333333338,5,10,0.3333333333333333,1,2.3000000000000007
1800,1800,Team 1,CTDE-Comm,0,1,2.700000000000001,1,16,0.058823529411764705,0,5.299999999999997
1800,1800,Team 2,CTDE-VD,0,3,3.233333333333333,3,18,0.14285714285714285,0,5.299999999999997
1800,1800,Team 3,CTDE-CAC,1,3,5.266666666666664,3,24,0.1111111111111111,2,5.299999999999997
1900,1900,Team 1,CTDE-Comm,0,3,8.166666666666659,3,41,0.06818181818181818,0,17.799999999999983
1900,1900,Team 2,CTDE-VD,1,2,17.799999999999983,2,103,0.01904761904761905,3,17.799999999999983
1900,1900,Team 3,CTDE-CAC,0,1,0.46666666666666673,1,3,0.25,0,17.799999999999983
2000,2000,Team 1,CTDE-Comm,1,3,21.50000000000004,3,113,0.02586206896551724,3,21.500000000000036
2000,2000,Team 2,CTDE-VD,0,3,15.06666666666669,3,111,0.02631578947368421,0,21.500000000000036
2000,2000,Team 3,CTDE-CAC,0,0,0.6,0,3,0.0,0,21.500000000000036
2100,2100,Team 1,CTDE-Comm,1,2,1.3,2,5,0.2857142857142857,1,1.5000000000000002
2100,2100,Team 2,CTDE-VD,0,3,0.8333333333333334,3,3,0.5,0,1.5000000000000002
2100,2100,Team 3,CTDE-CAC,0,3,0.6,3,2,0.6,0,1.5000000000000002
2200,2200,Team 1,CTDE-Comm,0,4,1.3000000000000005,4,4,0.5,0,2.3000000000000007
2200,2200,Team 2,CTDE-VD,1,3,2.1000000000000005,3,7,0.3,1,2.3000000000000007
2200,2200,Team 3,CTDE-CAC,0,1,0.4666666666666666,1,3,0.25,0,2.3000000000000007
2300,2300,Team 1,CTDE-Comm,1,1,3.5666666666666687,1,1,0.5,1,3.800000000000002
2300,2300,Team 2,CTDE-VD,0,5,1.4333333333333338,5,4,0.5555555555555556,0,3.800000000000002
2300,2300,Team 3,CTDE-CAC,0,2,0.3666666666666667,2,1,0.6666666666666666,0,3.800000000000002
2400,2400,Team 1,CTDE-Comm,0,1,2.2000000000000006,1,9,0.1,0,3.700000000000002
2400,2400,Team 2,CTDE-VD,1,3,3.7000000000000015,3,13,0.1875,2,3.700000000000002
2400,2400,Team 3,CTDE-CAC,0,3,2.800000000000001,3,13,0.1875,0,3.700000000000002
2500,2500,Team 1,CTDE-Comm,0,1,0.5,1,3,0.25,0,3.900000000000002
2500,2500,Team 2,CTDE-VD,1,3,3.633333333333335,3,16,0.15789473684210525,2,3.900000000000002
2500,2500,Team 3,CTDE-CAC,0,3,2.5666666666666678,3,12,0.2,0,3.900000000000002
2600,2600,Team 1,CTDE-Comm,0,2,12.533333333333397,2,57,0.03389830508474576,0,32.40000000000019
2600,2600,Team 2,CTDE-VD,0,0,0.5666666666666665,0,4,0.0,0,32.40000000000019
2600,2600,Team 3,CTDE-CAC,1,5,22.266666666666794,5,105,0.045454545454545456,2,32.40000000000019
2700,2700,Team 1,CTDE-Comm,1,4,3.366666666666665,4,13,0.23529411764705882,1,6.099999999999994
2700,2700,Team 2,CTDE-VD,0,4,3.366666666666665,4,12,0.25,0,6.099999999999994
2700,2700,Team 3,CTDE-CAC,0,0,0.8333333333333334,0,6,0.0,0,6.099999999999994
2800,2800,Team 1,CTDE-Comm,1,2,5.899999999999995,2,30,0.0625,2,5.899999999999995
2800,2800,Team 2,CTDE-VD,0,4,3.4999999999999987,4,8,0.3333333333333333,0,5.899999999999995
2800,2800,Team 3,CTDE-CAC,0,1,1.0000000000000002,1,6,0.14285714285714285,0,5.899999999999995
2900,2900,Team 1,CTDE-Comm,0,1,7.4666666666666535,1,41,0.023809523809523808,0,17.099999999999973
2900,2900,Team 2,CTDE-VD,0,1,11.699999999999982,1,67,0.014705882352941176,0,17.099999999999973
2900,2900,Team 3,CTDE-CAC,1,4,17.099999999999973,4,88,0.043478260869565216,3,17.099999999999973
3000,3000,Team 1,CTDE-Comm,1,2,4.133333333333332,2,4,0.3333333333333333,2,5.099999999999998
3000,3000,Team 2,CTDE-VD,0,3,1.8666666666666671,3,5,0.375,0,5.099999999999998
3000,3000,Team 3,CTDE-CAC,0,2,2.8333333333333335,2,8,0.2,0,5.099999999999998
3100,3100,Team 1,CTDE-Comm,1,4,2.3000000000000007,4,14,0.2222222222222222,3,2.3000000000000007
3100,3100,Team 2,CTDE-VD,0,2,1.6000000000000003,2,11,0.15384615384615385,0,2.3000000000000007
3100,3100,Team 3,CTDE-CAC,0,0,0.7666666666666666,0,5,0.0,0,2.3000000000000007
3200,3200,Team 1,CTDE-Comm,1,2,0.23333333333333336,2,1,0.6666666666666666,2,0.30000000000000004
3200,3200,Team 2,CTDE-VD,0,2,0.16666666666666666,2,0,1.0,0,0.30000000000000004
3200,3200,Team 3,CTDE-CAC,0,3,0.10000000000000002,3,0,1.0,0,0.30000000000000004
3300,3300,Team 1,CTDE-Comm,0,0,33.69999999999957,0,196,0.0,1,97.89999999999871
3300,3300,Team 2,CTDE-VD,1,5,32.89999999999957,5,194,0.02512562814070352,1,97.89999999999871
3300,3300,Team 3,CTDE-CAC,0,2,0.3666666666666667,2,2,0.5,0,97.89999999999871
3400,3400,Team 1,CTDE-Comm,0,2,5.2999999999999945,2,30,0.0625,0,7.899999999999988
3400,3400,Team 2,CTDE-VD,0,0,0.4333333333333333,0,5,0.0,0,7.899999999999988
3400,3400,Team 3,CTDE-CAC,1,6,6.099999999999992,6,30,0.16666666666666666,1,7.899999999999988
3500,3500,Team 1,CTDE-Comm,1,3,4.0333333333333306,3,17,0.15,2,5.699999999999996
3500,3500,Team 2,CTDE-VD,0,2,1.9999999999999984,2,11,0.15384615384615385,0,5.699999999999996
3500,3500,Team 3,CTDE-CAC,0,2,0.13333333333333333,2,1,0.6666666666666666,0,5.699999999999996
3600,3600,Team 1,CTDE-Comm,1,4,5.43333333333333,4,19,0.17391304347826086,2,5.4999999999999964
3600,3600,Team 2,CTDE-VD,0,2,3.3333333333333326,2,13,0.13333333333333333,0,5.4999999999999964
3600,3600,Team 3,CTDE-CAC,0,1,0.6333333333333333,1,1,0.5,0,5.4999999999999964
3700,3700,Team 1,CTDE-Comm,0,2,0.3666666666666667,2,1,0.6666666666666666,0,0.7
3700,3700,Team 2,CTDE-VD,1,2,0.6999999999999998,2,3,0.4,3,0.7
3700,3700,Team 3,CTDE-CAC,0,2,0.3333333333333333,2,1,0.6666666666666666,0,0.7
3800,3800,Team 1,CTDE-Comm,0,4,39.866666666665935,4,296,0.013333333333333334,1,113.79999999999781
3800,3800,Team 2,CTDE-VD,1,1,77.23333333333187,1,575,0.001736111111111111,2,113.79999999999781
3800,3800,Team 3,CTDE-CAC,0,1,0.6333333333333335,1,4,0.2,0,113.79999999999781
3900,3900,Team 1,CTDE-Comm,0,1,1.366666666666667,1,4,0.2,0,4.000000000000002
3900,3900,Team 2,CTDE-VD,0,2,1.9333333333333338,2,10,0.16666666666666666,0,4.000000000000002
3900,3900,Team 3,CTDE-CAC,1,6,1.9666666666666675,6,5,0.5454545454545454,0,4.000000000000002
4000,4000,Team 1,CTDE-Comm,1,5,5.899999999999995,5,18,0.21739130434782608,3,5.899999999999995
4000,4000,Team 2,CTDE-VD,0,0,3.9666666666666646,0,21,0.0,0,5.899999999999995
4000,4000,Team 3,CTDE-CAC,0,1,0.6333333333333333,1,3,0.25,0,5.899999999999995
4100,4100,Team 1,CTDE-Comm,0,3,7.033333333333338,3,22,0.12,0,19.900000000000013
4100,4100,Team 2,CTDE-VD,0,2,0.6333333333333334,2,2,0.5,0,19.900000000000013
4100,4100,Team 3,CTDE-CAC,1,1,19.900000000000013,1,31,0.03125,3,19.900000000000013
4200,4200,Team 1,CTDE-Comm,1,2,2.5666666666666678,2,9,0.18181818181818182,1,3.0000000000000013
4200,4200,Team 2,CTDE-VD,0,1,1.0333333333333334,1,5,0.16666666666666666,0,3.0000000000000013
4200,4200,Team 3,CTDE-CAC,0,5,2.133333333333334,5,6,0.45454545454545453,0,3.0000000000000013
4300,4300,Team 1,CTDE-Comm,0,2,0.6,2,2,0.5,0,1.0999999999999999
4300,4300,Team 2,CTDE-VD,1,2,1.0999999999999999,2,4,0.3333333333333333,3,1.0999999999999999
4300,4300,Team 3,CTDE-CAC,0,2,0.5,2,3,0.4,0,1.0999999999999999
